[
  {
    "precio": 3000,
    "id": 1,
    "nombre": "Royal Canin",
    "imagen": "./img/RoyalCanin1.jpg",
    "stock": "59"
  },
  {
    "precio": 2500,
    "id": 2,
    "nombre": "Pro Plan",
    "imagen": "./img/ProPlan1.png",
    "stock": "42"
  },
  {
    "precio": 2600,
    "id": 3,
    "nombre": "Eukanuba",
    "imagen": "./img/Eukanuba1.jpg",
    "stock": "37"
  },
  {
    "precio": 1800,
    "id": 4,
    "nombre": "Dog Chow",
    "imagen": "./img/DogChow1.jpg",
    "stock": "45"
  },
  {
    "precio": 700,
    "id": 5,
    "nombre": "Dogui",
    "imagen": "./img/Dogui1.jpg",
    "stock": "120"
  }
]
